{"cameraMode":{"drawMode":0,"name":"Shaded","section":"Shading Mode"},"sceneLighting":true,"audioPlay":false,"sceneViewState":{"m_AlwaysRefresh":false,"showFog":true,"showSkybox":true,"showFlares":true,"showImageEffects":true,"showParticleSystems":true,"showVisualEffectGraphs":true,"m_FxEnabled":true},"in2DMode":false,"pivot":{"x":-14.739014625549317,"y":-15.313157081604004,"z":-4.201735496520996},"rotation":{"x":-0.0031281104311347009,"y":-0.8704234957695007,"z":0.4923895597457886,"w":-0.005421523470431566},"size":41.294673919677737,"orthographic":false}